{"cameraMode":{"drawMode":0,"name":"Shaded","section":"Shading Mode"},"sceneLighting":false,"audioPlay":false,"sceneViewState":{"m_AlwaysRefresh":false,"showFog":false,"showSkybox":false,"showFlares":false,"showImageEffects":false,"showParticleSystems":false,"showVisualEffectGraphs":true,"m_FxEnabled":true},"in2DMode":false,"pivot":{"x":-5.960464477539063e-8,"y":0.891933798789978,"z":-0.012163668870925904},"rotation":{"x":0.13666632771492005,"y":-0.28284746408462527,"z":0.040756914764642718,"w":0.9485238194465637},"size":1.0998239517211915,"orthographic":false}